time,location
0,58
0.5,111.7149162
1,193.2580793
1.5,310.2884316
2,469.0443969
2.5,677.4059296
3,940.3730295
3.5,1271.578651
4,1676.978643
4.5,2161.904945
5,2732.095445
5.5,3400.433616
6,4171.919458
6.5,5051.874744
7,6045.919672
7.5,7163.061483
8,8410.59148
8.5,9797.380412
9,11330.49927
9.5,13017.03063
10,14863.86499
10.5,16876.45052
11,19062.9686
11.5,21429.35365
12,23982.06202
12.5,26727.08193
13,29672.13018
13.5,32823.20415
14,36191.22275
14.5,39783.36815
15,43605.67081
15.5,47663.20881
16,51961.09467
16.5,56507.81855
17,61309.03246
17.5,66369.75335
18,71696.45169
18.5,77294.93246
19,83178.12034
19.5,89351.86187
20,95825.88691
20.5,102605.6569
21,109701.927
21.5,117121.7547
22,124871.3269
22.5,132955.7541
23,141380.1436
23.5,150149.9437
24,159271.0077
24.5,168749.0656
25,178591.3928
25.5,188803.9884
26,199396.6028
26.5,210374.5169
27,221743.3717
27.5,233516.8207
28,245703.583
28.5,258308.6586
29,271337.084
29.5,284794.5722
30,298686.32
30.5,313017.6876
31,327797.3879
31.5,343032.849
32,358729.5318
32.5,374893.4257
33,391533.9974
33.5,408656.247
34,426265.9793
34.5,444370.8735
35,462977.7475
35.5,482093.5472
36,501724.8913
36.5,521880.3986
37,542566.0649
37.5,563787.952
38,585551.0598
38.5,607863.3725
39,630731.88
39.5,654163.4469
40,678170.4367
40.5,702758.371
41,727939.8136
41.5,753723.3581
42,780114.0235
42.5,807116.95
43,834742.0909
43.5,862996.2109
44,891885.0891
44.5,921414.2123
45,951591.7511
45.5,982424.5028
46,1013923.094
46.5,1046094.499
47,1078943.717
47.5,1112475.889
48,1146696.29
48.5,1181609.922
49,1217223.842
49.5,1253544.131
50,1290577.043
50.5,1328329.702
51,1366811.249
51.5,1406029.411
52,1445997.196
52.5,1486721.701
53,1528208.166
53.5,1570466.897
54,1613506
54.5,1657332.366
55,1701951.689
55.5,1747376.451
56,1793613.763
56.5,1840669.209
57,1888555.913
57.5,1937281.286
58,1986851.172
58.5,2037276.025
59,2088563.241
59.5,2140719.491
60,2193749.775
60.5,2247663.065
61,2302465.56
61.5,2358162.261
62,2414758.168
62.5,2472261.095
63,2530681.292
63.5,2590024.75
64,2650300.284
64.5,2711513.189
65,2773670.073
65.5,2836778.738
66,2900851.08
66.5,2965893.841
67,3031920.211
67.5,3098937.001
68,3166954.124
68.5,3235985.192
69,3306035.661
69.5,3377114.62
70,3449229.054
70.5,3522384.69
71,3596593.664
71.5,3671861.715
72,3748193.841
72.5,3825595.043
73,3904070.757
73.5,3983628.597
74,4064275.15
74.5,4146020.633
75,4228870.33
75.5,4312835.657
76,4397923.511
76.5,4484144.376
77,4571505.791
77.5,4660020.057
78,4749692.4
78.5,4840529.798
79,4932537.625
79.5,5025721.225
80,5120090.57
80.5,5215656.009
81,5312424.153
81.5,5410400.002
82,5509591.05
82.5,5610003.184
83,5711642.885
83.5,5814516.422
84,5918628.795
84.5,6023985.569
85,6130592.549
85.5,6238454.735
86,6347582.998
86.5,6457983.823
87,6569665.765
87.5,6682634.024
88,6796897.564
88.5,6912468.609
89,7029353.956
89.5,7147562.481
90,7267100.75
90.5,7387980.15
91,7510206.19
91.5,7633785.574
92,7758727.249
92.5,7885038.004
93,8012726.725
93.5,8141799.11
94,8272260.215
94.5,8404117.318
95,8537378.337
95.5,8672050.265
96,8808139.572
96.5,8945652.558
97,9084595.759
97.5,9224974.264
98,9366793.362
98.5,9510058.051
99,9654774.991
99.5,9800949.454
100,9948586.825
100.5,10097695.8
101,10248281.73
101.5,10400354.11
102,10553921.52
102.5,10708991.15
103,10865568.08
103.5,11023665.05
104,11183287.22
104.5,11344439.98
105,11507130.47
105.5,11671363.85
106,11837146.92
106.5,12004487.56
107,12173392.34
107.5,12343866.53
108,12515923.24
108.5,12689568.45
109,12864808.14
109.5,13041647.73
110,13220092.85
110.5,13400149.46
111,13581826.67
111.5,13765129.82
112,13950070.6
112.5,14136658.28
113,14324901.71
113.5,14514808.13
114,14706382.54
114.5,14899634.66
115,15094569.81
115.5,15291198
116,15489528.16
116.5,15689568.34
117,15891324.49
117.5,16094807.49
118,16300028.87
118.5,16507000.21
119,16715730.86
119.5,16926226.89
120,17138497.77
120.5,17352557.41
121,17568416.17
121.5,17786082.73
122,18005567.29
122.5,18226877.01
123,18450016.91
123.5,18674993.1
124,18901810.76
124.5,19130476.24
125,19360994.55
125.5,19593372.08
126,19827616.32
126.5,20063734.4
127,20301731.88
127.5,20541615.32
128,20783390.77
128.5,21027063.44
129,21272641.02
129.5,21520128.5
130,21769539.03
130.5,22020882.84
131,22274165.92
131.5,22529393.28
132,22786575.42
132.5,23045718.94
133,23306830.76
133.5,23569920.73
134,23834998.32
134.5,24102068.85
135,24371141.2
135.5,24642221.33
136,24915317.25
136.5,25190434.08
137,25467577.48
137.5,25746759.87
138,26027986.86
138.5,26311263.46
139,26596595.29
139.5,26883988.72
140,27173449.37
140.5,27464983.02
141,27758596.1
141.5,28054293.63
142,28352080.61
142.5,28651962.23
143,28953943.48
143.5,29258033.18
144,29564237.39
144.5,29872563.04
145,30183015.9
145.5,30495602.23
146,30810329.54
146.5,31127205.39
147,31446235.65
147.5,31767429.21
148,32090793.9
148.5,32416335.35
149,32744058.57
149.5,33073968.76
150,33406070.94
150.5,33740371.18
151,34076881.14
151.5,34415610.52
152,34756566.82
152.5,35099758.94
153,35445192.39
153.5,35792873.96
154,36142813.01
154.5,36495015.68
155,36849491.86
155.5,37206251.33
156,37565305.48
156.5,37926661.89
157,38290326.38
157.5,38656308.7
158,39024619.53
158.5,39395265.31
159,39768254.95
159.5,40143598.92
160,40521304.96
160.5,40901379.62
161,41283827.9
161.5,41668655.03
162,42055868.62
162.5,42445476.29
163,42837485.07
163.5,43231905.52
164,43628742.88
164.5,44028003.61
165,44429698.53
165.5,44833836.66
166,45240425.29
166.5,45649476.62
167,46060999.93
167.5,46475000.22
168,46891483.11
168.5,47310455.38
169,47731926.6
169.5,48155908.22
170,48582405.23
170.5,49011422.63
171,49442972.38
171.5,49877059.63
172,50313689.68
172.5,50752867.93
173,51194600.54
173.5,51638893.26
174,52085757.92
174.5,52535203.95
175,52987236.94
175.5,53441862.21
176,53899088.75
176.5,54358923.94
177,54821373.56
177.5,55286443.21
178,55754139.74
178.5,56224469.52
179,56697441.43
179.5,57173061.27
180,57651337.43
180.5,58132275.35
181,58615882.08
181.5,59102166.3
182,59591133.02
182.5,60082787.69
183,60577135.6
183.5,61074186.4
184,61573945.56
184.5,62076418.83
185,62581612.87
185.5,63089532.86
186,63600189.05
186.5,64113587.29
187,64629733.23
187.5,65148634.26
188,65670304.1
188.5,66194748.13
189,66721976.64
189.5,67252001.85
190,67784829.39
190.5,68320470.49
191,68858934.1
191.5,69400225.69
192,69944356.9
192.5,70491339.45
193,71041178.4
193.5,71593880.58
194,72149452.76
194.5,72707900.78
195,73269229.63
195.5,73833446.07
196,74400555.69
196.5,74970566.15
197,75543484.74
197.5,76119316.47
198,76698067.39
198.5,77279742.59
199,77864347.98
199.5,78451888.55
200,79042370.06
200.5,79635797.65
201,80232181.53
201.5,80831530.92
202,81433852.34
202.5,82039152.34
203,82647436.15
203.5,83258716.74
204,83873003.28
204.5,84490301.74
205,85110621.24
205.5,85733967.72
206,86360346.2
206.5,86989766.42
207,87622233.38
207.5,88257752.08
208,88896327.52
208.5,89537967.48
209,90182679.74
209.5,90830473.74
210,91481355.68
210.5,92135331.15
211,92792408.44
211.5,93452595.11
212,94115897.74
212.5,94782324.45
213,95451883.48
213.5,96124581.24
214,96800422.95
214.5,97479417.41
215,98161569.61
215.5,98846887.37
216,99535376.13
216.5,100227041.9
217,100921891.9
217.5,101619932.7
218,102321170.1
218.5,103025613.5
219,103733269.5
219.5,104444143.2
220,105158242.2
220.5,105875572.9
221,106596144.1
221.5,107319966.6
222,108047051.7
222.5,108777405.8
223,109511033.8
223.5,110247946.1
224,110988148.4
224.5,111731651.4
225,112478463.3
225.5,113228593.6
226,113982047.8
226.5,114738836
227,115498967.5
227.5,116262447.3
228,117029285.8
228.5,117799492.3
229,118573074.6
229.5,119350039.2
230,120130391.2
230.5,120914141.9
231,121701296.8
231.5,122491861.1
232,123285840.3
232.5,124083240.9
233,124884068.2
233.5,125688327.3
234,126496030.6
234.5,127307188
235,128121806.1
235.5,128939894.1
236,129761457.8
236.5,130586502.4
237,131415035.2
237.5,132247062
238,133082588
238.5,133921619.2
239,134764162.7
239.5,135610227.8
240,136459823.3
240.5,137312954.2
241,138169629
241.5,139029854.5
242,139893637.3
242.5,140760984.4
243,141631906.5
243.5,142506408.8
244,143384499.2
244.5,144266183.4
245,145151468.2
245.5,146040359.2
246,146932862.2
246.5,147828984
247,148728731
247.5,149632109.8
248,150539127.5
248.5,151449789.7
249,152364104.1
249.5,153282079.1
250,154203722.3
250.5,155129040.3
251,156058040.9
251.5,156990736.4
252,157927131.9
252.5,158867232.9
253,159811045
253.5,160758574.1
254,161709825.1
254.5,162664804.9
255,163623521.7
255.5,164585985.1
256,165552200.7
256.5,166522173.7
257,167495911
257.5,168473419
258,169454705.4
258.5,170439780.8
259,171428651.6
259.5,172421325.6
260,173417814.5
260.5,174418127.2
261,175422272.3
261.5,176430259.9
262,177442096
262.5,178457785.8
263,179477336
263.5,180500754.2
264,181528046.7
264.5,182559227.1
265,183594303
265.5,184633279.8
266,185676163.3
266.5,186722959.5
267,187773674.4
267.5,188828312.9
268,189886885.5
268.5,190949400.6
269,192015863.6
269.5,193086284.8
270,194160674
270.5,195239039
271,196321386.6
271.5,197407722.4
272,198498056.9
272.5,199592395.8
273,200690744.7
273.5,201793116.7
274,202899518.3
274.5,204009956.2
275,205124443.2
275.5,206242991.2
276,207365606
276.5,208492293.4
277,209623061.5
277.5,210757917.5
278,211896866.3
278.5,213039915.8
279,214187074.5
279.5,215338351.1
280,216493751.4
280.5,217653280.4
281,218816943.2
281.5,219984745.3
282,221156695.6
282.5,222332801.7
283,223513071
283.5,224697509.8
284,225886127.3
284.5,227078928.3
285,228275919.9
285.5,229477109.1
286,230682507.3
286.5,231892119.8
287,233105952.3
287.5,234324016.4
288,235546318.6
288.5,236772863.9
289,238003657.8
289.5,239238708.6
290,240478021.7
290.5,241721602.7
291,242969457.4
291.5,244221591
292,245478012.1
292.5,246738728.5
293,248003748.7
293.5,249273086.1
294,250546746.4
294.5,251824741.9
295,253107079.5
295.5,254393764.8
296,255684807.2
296.5,256980214.8
297,258279992.5
297.5,259584149
298,260892693.7
298.5,262205638.9
299,263522989.7
299.5,264844755.6
300,266170943.1
300.5,267501557.9
301,268836605.4
301.5,270176091.6
302,271520023.4
302.5,272868407.2
303,274221248.6
303.5,275578554.8
304,276940336.7
304.5,278306601.1
305,279677355.8
305.5,281052605.6
306,282432356.5
306.5,283816613.8
307,285205382.4
307.5,286598668.6
308,287996479
308.5,289398823.2
309,290805706.6
309.5,292217139.8
310,293633128.2
310.5,295053676.7
311,296478793.7
311.5,297908485.3
312,299342756.5
312.5,300781615.3
313,302225066.8
313.5,303673117.1
314,305125776.6
314.5,306583057.5
315,308044966.4
315.5,309511509.5
316,310982691.8
316.5,312458521.7
317,313939006.9
317.5,315424153.8
318,316913972.9
318.5,318408473.2
319,319907659.5
319.5,321411539.2
320,322920119.2
320.5,324433405.2
321,325951404.1
321.5,327474121.9
322,329001568.7
322.5,330533752.8
323,332070680.2
323.5,333612356.1
324,335158786.7
324.5,336709980.9
325,338265951.2
325.5,339826702.7
326,341392242.5
326.5,342962578.4
327,344537715.6
327.5,346117659.5
328,347702415
328.5,349291990
329,350886391.7
329.5,352485625.5
330,354089698.4
330.5,355698616.3
331,357312389.9
331.5,358931025.5
332,360554528.7
332.5,362182905.2
333,363816160.3
333.5,365454300.3
334,367097333
334.5,368745263.6
335,370398097.9
335.5,372055840.9
336,373718500.8
336.5,375386083.7
337,377058598.7
337.5,378736053.9
338,380418456.2
338.5,382105817.1
339,383798141.4
339.5,385495434.9
340,387197702.7
340.5,388904950.3
341,390617185
341.5,392334414.4
342,394056644.4
342.5,395783880.1
343,397516127.6
343.5,399253395.9
344,400995695.9
344.5,402743039.1
345,404495430.6
345.5,406252876
346,408015380.6
346.5,409782951.8
347,411555595.2
347.5,413333318.6
348,415116127.3
348.5,416904026.2
349,418697024.1
349.5,420495125.9
350,422298337.6
350.5,424106672.9
351,425920143.7
351.5,427738759
352,429562528.8
352.5,431391460.4
353,433225563.2
353.5,435064846.9
354,436909316.7
354.5,438758982.2
355,440613849
355.5,442473925.7
356,444339217.3
356.5,446209730.9
357,448085476.2
357.5,449966459.1
358,451852686.1
358.5,453744163.3
359,455640896.4
359.5,457542894.9
360,459450165.4
360.5,461362713
361,463280543.3
361.5,465203668.1
362,467132093
362.5,469065823.8
363,471004870.2
363.5,472949237.3
364,474898931.3
364.5,476853957.4
365,478814324.8
365.5,480780043.3
366,482751119
366.5,484727560.7
367,486709378.9
367.5,488696582.5
368,490689176.5
368.5,492687171.4
369,494690574.3
369.5,496699391.5
370,498713632.3
370.5,500733303
371,502758408.5
371.5,504788953.7
372,506824944.4
372.5,508866387.4
373,510913290.3
373.5,512965659
374,515023498.5
374.5,517086813.8
375,519155611.5
375.5,521229898.7
376,523309680.8
376.5,525394962.8
377,527485750.3
377.5,529582048.9
378,531683869
378.5,533791216.9
379,535904097.5
379.5,538022517.7
380,540146482.6
380.5,542276002.7
381,544411083.5
381.5,546551730.2
382,548697947.7
382.5,550849742.7
383,553007127.9
383.5,555170112.9
384,557338703.5
384.5,559512906.5
385,561692728.2
385.5,563878178.5
386,566069269
386.5,568266004.5
387,570468391.8
387.5,572676436.3
388,574890144.9
388.5,577109522.7
389,579334577.6
389.5,581565314.9
390,583801740.4
390.5,586043862.6
391,588291688.1
391.5,590545222
392,592804473.5
392.5,595069455.7
393,597340176.3
393.5,599616640.5
394,601898854
394.5,604186822.4
395,606480551.2
395.5,608780051
396,611085328.4
396.5,613396392.6
397,615713251.3
397.5,618035911.9
398,620364380.4
398.5,622698662.1
399,625038767.6
399.5,627384707.7
400,629736487.9
400.5,632094117.7
401,634457606.5
401.5,636826960.4
402,639202191.9
402.5,641583309.5
403,643970319.7
403.5,646363230
404,648762048.6
404.5,651166781.7
405,653577434.3
405.5,655994015.3
406,658416533.1
406.5,660844994.7
407,663279405.6
407.5,665719773.2
408,668166102.5
408.5,670618401.3
409,673076674.8
409.5,675540928.9
410,678011169
410.5,680487407.3
411,682969654.6
411.5,685457917
412,687952201.8
412.5,690452515
413,692958861.7
413.5,695471247.7
414,697989678.1
414.5,700514163
415,703044709.1
415.5,705581328.5
416,708124027.4
416.5,710672814.3
417,713227696.4
417.5,715788680.2
418,718355772.7
418.5,720928980.5
419,723508312.8
419.5,726093781.9
420,728685392.6
420.5,731283150.7
421,733887061
421.5,736497130.6
422,739113368.2
422.5,741735778.8
423,744364369.6
423.5,746999148.9
424,749640124.9
424.5,752287302.7
425,754940688.7
425.5,757600287.7
426,760266105.1
426.5,762938145.9
427,765616416.2
427.5,768300928.1
428,770991686.5
428.5,773688700.2
429,776391978
429.5,779101526.8
430,781817352.8
430.5,784539466.3
431,787267873.1
431.5,790002585
432,792743611.4
432.5,795490961.2
433,798244639.9
433.5,801004653.6
434,803771007.4
434.5,806543713.1
435,809322775.9
435.5,812108200.7
436,814899992.8
436.5,817698163.8
437,820502718.7
437.5,823313662.7
438,826131003.8
438.5,828954752.8
439,831784917.3
439.5,834621503.4
440,837464516.3
440.5,840313961
441,843169843.5
441.5,846032175.1
442,848900961.4
442.5,851776208.1
443,854657920.5
443.5,857546110.8
444,860440784.3
444.5,863341950.9
445,866249618
445.5,869163792.4
446,872084480.5
446.5,875011690.4
447,877945435.6
447.5,880885723
448,883832559.2
448.5,886785954.5
449,889745915.2
449.5,892712446.9
450,895685558.3
450.5,898665254.8
451,901651542.9
451.5,904644431.1
452,907643931.3
452.5,910650051.4
453,913662798.6
453.5,916682179.9
454,919708201.4
454.5,922740870.3
455,925780191.6
455.5,928826174.5
456,931878826
456.5,934938151.4
457,938004156.2
457.5,941076849.4
458,944156237.4
458.5,947242325.4
459,950335124.1
459.5,953434639.9
460,956540879.6
460.5,959653853.2
461,962773566.1
461.5,965900025.6
462,969033237.1
462.5,972173212.1
463,975319963.1
463.5,978473496.4
464,981633820.9
464.5,984800942.8
465,987974873.8
465.5,991155618.9
466,994343183.7
466.5,997537576
467,1000738802
467.5,1003946868
468,1007161778
468.5,1010383538
469,1013612158
469.5,1016847642
470,1020089999
470.5,1023339237
471,1026595363
471.5,1029858389
472,1033128324
472.5,1036405176
473,1039688957
473.5,1042979678
474,1046277345
474.5,1049581963
475,1052893538
475.5,1056212075
476,1059537580
476.5,1062870062
477,1066209529
477.5,1069555988
478,1072909446
478.5,1076269911
479,1079637390
479.5,1083011888
480,1086393413
480.5,1089781968
481,1093177562
481.5,1096580199
482,1099989888
482.5,1103406634
483,1106830448
483.5,1110261340
484,1113699318
484.5,1117144393
485,1120596572
485.5,1124055867
486,1127522284
486.5,1130995830
487,1134476514
487.5,1137964344
488,1141459331
488.5,1144961482
489,1148470803
489.5,1151987302
490,1155510986
490.5,1159041861
491,1162579935
491.5,1166125215
492,1169677705
492.5,1173237413
493,1176804348
493.5,1180378517
494,1183959924
494.5,1187548575
495,1191144477
495.5,1194747640
496,1198358076
496.5,1201975789
497,1205600787
497.5,1209233076
498,1212872661
498.5,1216519548
499,1220173743
499.5,1223835252
500,1227504082
500.5,1231180239
501,1234863732
501.5,1238554568
502,1242252752
502.5,1245958298
503,1249671212
503.5,1253391501
504,1257119171
504.5,1260854233
505,1264596691
505.5,1268346552
506,1272103820
506.5,1275868503
507,1279640604
507.5,1283420131
508,1287207092
508.5,1291001493
509,1294803341
509.5,1298612643
510,1302429406
510.5,1306253634
511,1310085340
511.5,1313924530
512,1317771214
512.5,1321625397
513,1325487088
513.5,1329356296
514,1333233026
514.5,1337117285
515,1341009077
515.5,1344908408
516,1348815285
516.5,1352729714
517,1356651701
517.5,1360581252
518,1364518373
518.5,1368463070
519,1372415354
519.5,1376375236
520,1380342728
520.5,1384317840
521,1388300581
521.5,1392290958
522,1396288974
522.5,1400294636
523,1404307951
523.5,1408328926
524,1412357567
524.5,1416393879
525,1420437874
525.5,1424489561
526,1428548944
526.5,1432616030
527,1436690830
527.5,1440773351
528,1444863597
528.5,1448961579
529,1453067302
529.5,1457180774
530,1461302002
530.5,1465430995
531,1469567761
531.5,1473712305
532,1477864634
532.5,1482024754
533,1486192670
533.5,1490368390
534,1494551921
534.5,1498743268
535,1502942438
535.5,1507149434
536,1511364266
536.5,1515586937
537,1519817455
537.5,1524055823
538,1528302051
538.5,1532556150
539,1536818127
539.5,1541087988
540,1545365739
540.5,1549651384
541,1553944933
541.5,1558246398
542,1562555788
542.5,1566873112
543,1571198382
543.5,1575531603
544,1579872783
544.5,1584221934
545,1588579061
545.5,1592944172
546,1597317276
546.5,1601698387
547,1606087513
547.5,1610484660
548,1614889836
548.5,1619303049
549,1623724307
549.5,1628153615
550,1632590978
550.5,1637036403
551,1641489898
551.5,1645951470
552,1650421128
552.5,1654898879
553,1659384732
553.5,1663878693
554,1668380766
554.5,1672890959
555,1677409279
555.5,1681935734
556,1686470331
556.5,1691013075
557,1695563972
557.5,1700123030
558,1704690258
558.5,1709265663
559,1713849251
559.5,1718441028
560,1723040979
560.5,1727649089
561,1732265351
561.5,1736889758
562,1741522299
562.5,1746162958
563,1750811719
563.5,1755468575
564,1760133513
564.5,1764806519
565,1769487579
565.5,1774176688
566,1778873836
566.5,1783579015
567,1788292204
567.5,1793013393
568,1797742565
568.5,1802479705
569,1807224809
569.5,1811977870
570,1816738880
570.5,1821507834
571,1826284726
571.5,1831069546
572,1835862291
572.5,1840662951
573,1845471518
573.5,1850287978
574,1855112318
574.5,1859944524
575,1864784589
575.5,1869632509
576,1874488271
576.5,1879351866
577,1884223278
577.5,1889102498
578,1893989522
578.5,1898884344
579,1903786960
579.5,1908697355
580,1913615524
580.5,1918541462
581,1923475163
581.5,1928416620
582,1933365820
582.5,1938322756
583,1943287417
583.5,1948259797
584,1953239890
584.5,1958227682
585,1963223157
585.5,1968226303
586,1973237109
586.5,1978255569
587,1983281672
587.5,1988315398
588,1993356741
588.5,1998405684
589,2003462221
589.5,2008526335
590,2013598019
590.5,2018677257
591,2023764043
591.5,2028858371
592,2033960234
592.5,2039069618
593,2044186501
593.5,2049310870
594,2054442719
594.5,2059582040
595,2064728810
595.5,2069883011
596,2075044631
596.5,2080213664
597,2085390091
597.5,2090573899
598,2095765081
598.5,2100963623
599,2106169511
599.5,2111382740
600,2116603294
600.5,2121831155
601,2127066316
601.5,2132308759
602,2137558466
602.5,2142815422
603,2148079622
603.5,2153351052
604,2158629706
604.5,2163915574
605,2169208649
605.5,2174508926
606,2179816399
606.5,2185131061
607,2190452892
607.5,2195781882
608,2201118019
608.5,2206461290
609,2211811688
609.5,2217169208
610,2222533842
610.5,2227905584
611,2233284429
611.5,2238670361
612,2244063367
612.5,2249463441
613,2254870578
613.5,2260284772
614,2265706016
614.5,2271134295
615,2276569600
615.5,2282011925
616,2287461260
616.5,2292917600
617,2298380939
617.5,2303851271
618,2309328582
618.5,2314812867
619,2320304119
619.5,2325802332
620,2331307492
620.5,2336819593
621,2342338630
621.5,2347864593
622,2353397474
622.5,2358937266
623,2364483963
623.5,2370037554
624,2375598033
624.5,2381165379
625,2386739585
625.5,2392320642
626,2397908544
626.5,2403503273
627,2409104820
627.5,2414713176
628,2420328337
628.5,2425950292
629,2431579034
629.5,2437214553
630,2442856829
630.5,2448505853
631,2454161619
631.5,2459824112
632,2465493323
632.5,2471169244
633,2476851862
633.5,2482541167
634,2488237151
634.5,2493939804
635,2499649111
635.5,2505365066
636,2511087660
636.5,2516816876
637,2522552710
637.5,2528295147
638,2534044180
638.5,2539799802
639,2545562003
639.5,2551330770
640,2557106099
640.5,2562887977
641,2568676395
641.5,2574471344
642,2580272820
642.5,2586080816
643,2591895328
643.5,2597716335
644,2603543826
644.5,2609377793
645,2615218229
645.5,2621065126
646,2626918480
646.5,2632778283
647,2638644528
647.5,2644517204
648,2650396302
648.5,2656281809
649,2662173718
649.5,2668072022
650,2673976711
650.5,2679887780
651,2685805221
651.5,2691729022
652,2697659171
652.5,2703595655
653,2709538464
653.5,2715487590
654,2721443024
654.5,2727404759
655,2733372787
655.5,2739347102
656,2745327693
656.5,2751314552
657,2757307658
657.5,2763307001
658,2769312576
658.5,2775324378
659,2781342396
659.5,2787366614
660,2793397025
660.5,2799433612
661,2805476367
661.5,2811525278
662,2817580324
662.5,2823641501
663,2829708802
663.5,2835782218
664,2841861735
664.5,2847947338
665,2854039015
665.5,2860136756
666,2866240542
666.5,2872350350
667,2878466171
667.5,2884587999
668,2890715828
668.5,2896849644
669,2902989440
669.5,2909135202
670,2915286915
670.5,2921444557
671,2927608122
671.5,2933777604
672,2939952999
672.5,2946134299
673,2952321495
673.5,2958514580
674,2964713542
674.5,2970918372
675,2977129063
675.5,2983345608
676,2989568000
676.5,2995796235
677,3002030304
677.5,3008270200
678,3014515914
678.5,3020767432
679,3027024745
679.5,3033287838
680,3039556700
680.5,3045831316
681,3052111681
681.5,3058397788
682,3064689621
682.5,3070987176
683,3077290446
683.5,3083599424
684,3089914106
684.5,3096234483
685,3102560540
685.5,3108892257
686,3115229627
686.5,3121572643
687,3127921298
687.5,3134275569
688,3140635450
688.5,3147000933
689,3153372011
689.5,3159748676
690,3166130919
690.5,3172518731
691,3178912106
691.5,3185311039
692,3191715520
692.5,3198125543
693,3204541104
693.5,3210962194
694,3217388798
694.5,3223820900
695,3230258493
695.5,3236701567
696,3243150112
696.5,3249604122
697,3256063585
697.5,3262528494
698,3268998844
698.5,3275474622
699,3281955819
699.5,3288442430
700,3294934438
700.5,3301431833
701,3307934599
701.5,3314442732
702,3320956226
702.5,3327475073
703,3333999261
703.5,3340528785
704,3347063635
704.5,3353603805
705,3360149287
705.5,3366700064
706,3373256131
706.5,3379817480
707,3386384099
707.5,3392955976
708,3399533096
708.5,3406115440
709,3412703004
709.5,3419295777
710,3425893750
710.5,3432496909
711,3439105237
711.5,3445718721
712,3452337352
712.5,3458961122
713,3465590025
713.5,3472224054
714,3478863204
714.5,3485507457
715,3492156803
715.5,3498811235
716,3505470742
716.5,3512135315
717,3518804940
717.5,3525479613
718,3532159322
718.5,3538844057
719,3545533808
719.5,3552228566
720,3558928322
720.5,3565633070
721,3572342800
721.5,3579057508
722,3585777183
722.5,3592501813
723,3599231390
723.5,3605965901
724,3612705336
724.5,3619449681
725,3626198930
725.5,3632953076
726,3639712109
726.5,3646476016
727,3653244785
727.5,3660018410
728,3666796879
728.5,3673580186
729,3680368323
729.5,3687161280
730,3693959051
730.5,3700761628
731,3707569003
731.5,3714381170
732,3721198123
732.5,3728019852
733,3734846348
733.5,3741677599
734,3748513594
734.5,3755354328
735,3762199794
735.5,3769049986
736,3775904888
736.5,3782764494
737,3789628799
737.5,3796497791
738,3803371455
738.5,3810249785
739,3817132761
739.5,3824020364
740,3830912589
740.5,3837809428
741,3844710863
741.5,3851616886
742,3858527490
742.5,3865442668
743,3872362410
743.5,3879286709
744,3886215556
744.5,3893148942
745,3900086857
745.5,3907029287
746,3913976227
746.5,3920927659
747,3927883575
747.5,3934843963
748,3941808815
748.5,3948778124
749,3955751880
749.5,3962730073
750,3969712693
750.5,3976699733
751,3983691189
751.5,3990687056
752,3997687323
752.5,4004691983
753,4011701031
753.5,4018714460
754,4025732267
754.5,4032754434
755,4039780953
755.5,4046811809
756,4053846986
756.5,4060886479
757,4067930278
757.5,4074978377
758,4082030769
758.5,4089087447
759,4096148408
759.5,4103213645
760,4110283146
760.5,4117356898
761,4124434892
761.5,4131517123
762,4138603572
762.5,4145694234
763,4152789101
763.5,4159888163
764,4166991399
764.5,4174098803
765,4181210363
765.5,4188326072
766,4195445927
766.5,4202569913
767,4209698024
767.5,4216830236
768,4223966544
768.5,4231106942
769,4238251424
769.5,4245399981
770,4252552609
770.5,4259709298
771,4266870042
771.5,4274034838
772,4281203677
772.5,4288376552
773,4295553456
773.5,4302734383
774,4309919322
774.5,4317108259
775,4324301189
775.5,4331498100
776,4338698986
776.5,4345903843
777,4353112661
777.5,4360325434
778,4367542142
778.5,4374762765
779,4381987296
779.5,4389215720
780,4396448031
780.5,4403684223
781,4410924287
781.5,4418168209
782,4425415983
782.5,4432667604
783,4439923066
783.5,4447182364
784,4454445476
784.5,4461712398
785,4468983116
785.5,4476257624
786,4483535910
786.5,4490817969
787,4498103795
787.5,4505393381
788,4512686723
788.5,4519983815
789,4527284646
789.5,4534589198
790,4541897455
790.5,4549209397
791,4556525006
791.5,4563844278
792,4571167206
792.5,4578493782
793,4585823985
793.5,4593157807
794,4600495243
794.5,4607836276
795,4615180900
795.5,4622529099
796,4629880866
796.5,4637236197
797,4644595077
797.5,4651957499
798,4659323451
798.5,4666692921
799,4674065903
799.5,4681442390
800,4688822377
800.5,4696205857
801,4703592825
801.5,4710983268
802,4718377176
802.5,4725774542
803,4733175361
803.5,4740579617
804,4747987304
804.5,4755398410
805,4762812922
805.5,4770230826
806,4777652114
806.5,4785076781
807,4792504823
807.5,4799936224
808,4807370976
808.5,4814809075
809,4822250512
809.5,4829695276
810,4837143361
810.5,4844594759
811,4852049450
811.5,4859507428
812,4866968686
812.5,4874433216
813,4881901014
813.5,4889372064
814,4896846360
814.5,4904323889
815,4911804645
815.5,4919288623
816,4926775814
816.5,4934266205
817,4941759782
817.5,4949256538
818,4956756452
818.5,4964259516
819,4971765716
819.5,4979275045
820,4986787490
820.5,4994303041
821,5001821691
821.5,5009343435
822,5016868266
822.5,5024396166
823,5031927130
823.5,5039461151
824,5046998216
824.5,5054538313
825,5062081434
825.5,5069627573
826,5077176718
826.5,5084728862
827,5092283986
827.5,5099842079
828,5107403135
828.5,5114967142
829,5122534094
829.5,5130103972
830,5137676768
830.5,5145252476
831,5152831084
831.5,5160412586
832,5167996972
832.5,5175584238
833,5183174375
833.5,5190767379
834,5198363234
834.5,5205961932
835,5213563467
835.5,5221167833
836,5228775025
836.5,5236385036
837,5243997863
837.5,5251613499
838,5259231934
838.5,5266853161
839,5274477176
839.5,5282103963
840,5289733513
840.5,5297365822
841,5305000873
841.5,5312638660
842,5320279170
842.5,5327922389
843,5335568310
843.5,5343216926
844,5350868226
844.5,5358522205
845,5366178841
845.5,5373838131
846,5381500065
846.5,5389164634
847,5396831833
847.5,5404501655
848,5412174095
848.5,5419849143
849,5427526779
849.5,5435206990
850,5442889769
850.5,5450575111
851,5458263006
851.5,5465953447
852,5473646426
852.5,5481341940
853,5489039978
853.5,5496740529
854,5504443583
854.5,5512149128
855,5519857157
855.5,5527567659
856,5535280627
856.5,5542996055
857,5550713936
857.5,5558434263
858,5566157026
858.5,5573882219
859,5581609836
859.5,5589339871
860,5597072316
860.5,5604807161
861,5612544397
861.5,5620284018
862,5628026018
862.5,5635770375
863,5643517076
863.5,5651266100
864,5659017432
864.5,5666771068
865,5674526999
865.5,5682285213
866,5690045695
866.5,5697808427
867,5705573403
867.5,5713340616
868,5721110059
868.5,5728881716
869,5736655579
869.5,5744431639
870,5752209888
870.5,5759990322
871,5767772925
871.5,5775557686
872,5783344600
872.5,5791133658
873,5798924852
873.5,5806718169
874,5814513603
874.5,5822311146
875,5830110781
875.5,5837912492
876,5845716269
876.5,5853522105
877,5861329994
877.5,5869139929
878,5876951903
878.5,5884765909
879,5892581936
879.5,5900399977
880,5908220025
880.5,5916042072
881,5923866112
881.5,5931692137
882,5939520137
882.5,5947350090
883,5955181982
883.5,5963015795
884,5970851522
884.5,5978689152
885,5986528667
885.5,5994370058
886,6002213321
886.5,6010058445
887,6017905423
887.5,6025754248
888,6033604905
888.5,6041457381
889,6049311671
889.5,6057167767
890,6065025656
890.5,6072885325
891,6080746767
891.5,6088609966
892,6096474917
892.5,6104341597
893,6112209991
893.5,6120080087
894,6127951871
894.5,6135825337
895,6143700480
895.5,6151577285
896,6159455730
896.5,6167335799
897,6175217481
897.5,6183100770
898,6190985656
898.5,6198872133
899,6206760185
899.5,6214649805
900,6222540987
900.5,6230433725
901,6238328015
901.5,6246223851
902,6254121220
902.5,6262020111
903,6269920514
903.5,6277822414
904,6285725795
904.5,6293630648
905,6301536953
905.5,6309444703
906,6317353894
906.5,6325264504
907,6333176530
907.5,6341089953
908,6349004764
908.5,6356920958
909,6364838528
909.5,6372757467
910,6380677770
910.5,6388599424
911,6396522415
911.5,6404446726
912,6412372350
912.5,6420299281
913,6428227514
913.5,6436157029
914,6444087820
914.5,6452019870
915,6459953173
915.5,6467887709
916,6475823473
916.5,6483760449
917,6491698619
917.5,6499637974
918,6507578508
918.5,6515520206
919,6523463048
919.5,6531407019
920,6539352104
920.5,6547298287
921,6555245552
921.5,6563193891
922,6571143294
922.5,6579093754
923,6587045262
923.5,6594997813
924,6602951399
924.5,6610906002
925,6618861619
925.5,6626818243
926,6634775854
926.5,6642734444
927,6650694006
927.5,6658654533
928,6666616021
928.5,6674578455
929,6682541818
929.5,6690506102
930,6698471300
930.5,6706437406
931,6714404409
931.5,6722372301
932,6730341074
932.5,6738310720
933,6746281234
933.5,6754252610
934,6762224840
934.5,6770197917
935,6778171823
935.5,6786146543
936,6794122070
936.5,6802098396
937,6810075515
937.5,6818053422
938,6826032107
938.5,6834011560
939,6841991760
939.5,6849972703
940,6857954378
940.5,6865936778
941,6873919897
941.5,6881903724
942,6889888253
942.5,6897873470
943,6905859361
943.5,6913845918
944,6921833138
944.5,6929821004
945,6937809507
945.5,6945798638
946,6953788387
946.5,6961778742
947,6969769698
947.5,6977761248
948,6985753385
948.5,6993746104
949,7001739394
949.5,7009733251
950,7017727670
950.5,7025722643
951,7033718163
951.5,7041714225
952,7049710805
952.5,7057707885
953,7065705460
953.5,7073703519
954,7081702048
954.5,7089701036
955,7097700475
955.5,7105700357
956,7113700668
956.5,7121701397
957,7129702525
957.5,7137704041
958,7145705938
958.5,7153708209
959,7161710846
959.5,7169713842
960,7177717183
960.5,7185720855
961,7193724854
961.5,7201729172
962,7209733804
962.5,7217738738
963,7225743966
963.5,7233749478
964,7241755266
964.5,7249761327
965,7257767654
965.5,7265774238
966,7273781071
966.5,7281788136
967,7289795421
967.5,7297802917
968,7305810611
968.5,7313818494
969,7321826548
969.5,7329834769
970,7337843150
970.5,7345851682
971,7353860346
971.5,7361869126
972,7369878013
972.5,7377887002
973,7385896083
973.5,7393905249
974,7401914494
974.5,7409923805
975,7417933176
975.5,7425942594
976,7433952050
976.5,7441961539
977,7449971040
977.5,7457980545
978,7465990045
978.5,7473999535
979,7482009000
979.5,7490018436
980,7498027836
980.5,7506037186
981,7514046467
981.5,7522055669
982,7530064785
982.5,7538073810
983,7546082724
983.5,7554091515
984,7562100176
984.5,7570108691
985,7578117052
985.5,7586125241
986,7594133254
986.5,7602141075
987,7610148698
987.5,7618156115
988,7626163320
988.5,7634170310
989,7642177077
989.5,7650183611
990,7658189895
990.5,7666195924
991,7674201693
991.5,7682207180
992,7690212379
992.5,7698217273
993,7706221851
993.5,7714226106
994,7722230017
994.5,7730233576
995,7738236775
995.5,7746239607
996,7754242062
996.5,7762244130
997,7770245798
997.5,7778247050
998,7786247875
998.5,7794248258
999,7802248195
999.5,7810247667
1000,7818246669
1000.5,7826245189
1001,7834243218
1001.5,7842240748
1002,7850237773
1002.5,7858234284
1003,7866230274
1003.5,7874225736
1004,7882220663
1004.5,7890215046
1005,7898208881
1005.5,7906202163
1006,7914194883
1006.5,7922187031
1007,7930178601
1007.5,7938169586
1008,7946159966
1008.5,7954149735
1009,7962138887
1009.5,7970127406
1010,7978115279
1010.5,7986102484
1011,7994089016
1011.5,8002074857
1012,8010060000
1012.5,8018044440
1013,8026028168
1013.5,8034011179
1014,8041993464
1014.5,8049975006
1015,8057955797
1015.5,8065935827
1016,8073915091
1016.5,8081893575
1017,8089871276
1017.5,8097848182
1018,8105824284
1018.5,8113799575
1019,8121774045
1019.5,8129747684
1020,8137720483
1020.5,8145692436
1021,8153663527
1021.5,8161633747
1022,8169603080
1022.5,8177571517
1023,8185539046
1023.5,8193505658
1024,8201471346
1024.5,8209436103
1025,8217399923
1025.5,8225362801
1026,8233324720
1026.5,8241285672
1027,8249245652
1027.5,8257204649
1028,8265162653
1028.5,8273119657
1029,8281075651
1029.5,8289030628
1030,8296984578
1030.5,8304937493
1031,8312889359
1031.5,8320840169
1032,8328789915
1032.5,8336738585
1033,8344686173
1033.5,8352632670
1034,8360578071
1034.5,8368522359
1035,8376465520
1035.5,8384407550
1036,8392348429
1036.5,8400288153
1037,8408226707
1037.5,8416164084
1038,8424100269
1038.5,8432035258
1039,8439969045
1039.5,8447901620
1040,8455832977
1040.5,8463763105
1041,8471691990
1041.5,8479619625
1042,8487545993
1042.5,8495471073
1043,8503394852
1043.5,8511317318
1044,8519238459
1044.5,8527158264
1045,8535076714
1045.5,8542993798
1046,8550909507
1046.5,8558823819
1047,8566736721
1047.5,8574648205
1048,8582558259
1048.5,8590466868
1049,8598374011
1049.5,8606279681
1050,8614183873
1050.5,8622086569
1051,8629987763
1051.5,8637887447
1052,8645785610
1052.5,8653682242
1053,8661577327
1053.5,8669470861
1054,8677362831
1054.5,8685253232
1055,8693142059
1055.5,8701029304
1056,8708914963
1056.5,8716799029
1057,8724681490
1057.5,8732562334
1058,8740441539
1058.5,8748319092
1059,8756194989
1059.5,8764069225
1060,8771941788
1060.5,8779812671
1061,8787681853
1061.5,8795549312
1062,8803415042
1062.5,8811279031
1063,8819141273
1063.5,8827001762
1064,8834860489
1064.5,8842717437
1065,8850572598
1065.5,8858425952
1066,8866277494
1066.5,8874127219
1067,8881975115
1067.5,8889821177
1068,8897665396
1068.5,8905507765
1069,8913348272
1069.5,8921186909
1070,8929023672
1070.5,8936858552
1071,8944691545
1071.5,8952522634
1072,8960351810
1072.5,8968179068
1073,8976004393
1073.5,8983827779
1074,8991649218
1074.5,8999468701
1075,9007286216
1075.5,9015101753
1076,9022915308
1076.5,9030726874
1077,9038536435
1077.5,9046343986
1078,9054149521
1078.5,9061953033
1079,9069754512
1079.5,9077553950
1080,9085351333
1080.5,9093146638
1081,9100939856
1081.5,9108730981
1082,9116519991
1082.5,9124306881
1083,9132091646
1083.5,9139874269
1084,9147654745
1084.5,9155433069
1085,9163209235
1085.5,9170983235
1086,9178755056
1086.5,9186524691
1087,9194292120
1087.5,9202057333
1088,9209820324
1088.5,9217581081
1089,9225339596
1089.5,9233095861
1090,9240849870
1090.5,9248601609
1091,9256351068
1091.5,9264098234
1092,9271843099
1092.5,9279585660
1093,9287325905
1093.5,9295063828
1094,9302799422
1094.5,9310532681
1095,9318263588
1095.5,9325992135
1096,9333718316
1096.5,9341442124
1097,9349163554
1097.5,9356882601
1098,9364599257
1098.5,9372313514
1099,9380025364
1099.5,9387734792
1100,9395441788
1100.5,9403146345
1101,9410848453
1101.5,9418548101
1102,9426245268
1102.5,9433939945
1103,9441632119
1103.5,9449321781
1104,9457008924
1104.5,9464693543
1105,9472375627
1105.5,9480055161
1106,9487732132
1106.5,9495406533
1107,9503078353
1107.5,9510747579
1108,9518414205
1108.5,9526078224
1109,9533739630
1109.5,9541398401
1110,9549054532
1110.5,9556708014
1111,9564358830
1111.5,9572006974
1112,9579652442
1112.5,9587295227
1113,9594935321
1113.5,9602572704
1114,9610207362
1114.5,9617839276
1115,9625468430
1115.5,9633094807
1116,9640718399
1116.5,9648339198
1117,9655957198
1117.5,9663572394
1118,9671184778
1118.5,9678794344
1119,9686401084
1119.5,9694004985
1120,9701606032
1120.5,9709204220
1121,9716799538
1121.5,9724391983
1122,9731981547
1122.5,9739568227
1123,9747152008
1123.5,9754732875
1124,9762310811
1124.5,9769885803
1125,9777457837
1125.5,9785026905
1126,9792592988
1126.5,9800156081
1127,9807716177
1127.5,9815273268
1128,9822827339
1128.5,9830378384
1129,9837926393
1129.5,9845471352
1130,9853013244
1130.5,9860552050
1131,9868087756
1131.5,9875620354
1132,9883149825
1132.5,9890676160
1133,9898199355
1133.5,9905719395
1134,9913236273
1134.5,9920749983
1135,9928260507
1135.5,9935767841
1136,9943271967
1136.5,9950772880
1137,9958270569
1137.5,9965765029
1138,9973256255
1138.5,9980744238
1139,9988228969
1139.5,9995710443
1140,10003188652
1140.5,10010663590
1141,10018135250
1141.5,10025603624
1142,10033068709
1142.5,10040530497
1143,10047988980
1143.5,10055444148
1144,10062895994
1144.5,10070344508
1145,10077789683
1145.5,10085231508
1146,10092669972
1146.5,10100105061
1147,10107536764
1147.5,10114965069
1148,10122389961
1148.5,10129811435
1149,10137229477
1149.5,10144644082
1150,10152055231
1150.5,10159462908
1151,10166867102
1151.5,10174267808
1152,10181665019
1152.5,10189058730
1153,10196448929
1153.5,10203835609
1154,10211218766
1154.5,10218598392
1155,10225974480
1155.5,10233347010
1156,10240715976
1156.5,10248081365
1157,10255443169
1157.5,10262801374
1158,10270155969
1158.5,10277506944
1159,10284854287
1159.5,10292197994
1160,10299538060
1160.5,10306874476
1161,10314207235
1161.5,10321536332
1162,10328861760
1162.5,10336183513
1163,10343501570
1163.5,10350815923
1164,10358126565
1164.5,10365433490
1165,10372736685
1165.5,10380036145
1166,10387331861
1166.5,10394623826
1167,10401912024
1167.5,10409196445
1168,10416477083
1168.5,10423753922
1169,10431026942
1169.5,10438296136
1170,10445561496
1170.5,10452823018
1171,10460080683
1171.5,10467334476
1172,10474584383
1172.5,10481830394
1173,10489072503
1173.5,10496310701
1174,10503544978
1174.5,10510775311
1175,10518001695
1175.5,10525224116
1176,10532442569
1176.5,10539657048
1177,10546867538
1177.5,10554074026
1178,10561276508
1178.5,10568474976
1179,10575669419
1179.5,10582859825
1180,10590046177
1180.5,10597228468
1181,10604406676
1181.5,10611580788
1182,10618750795
1182.5,10625916683
1183,10633078437
1183.5,10640236046
1184,10647389503
1184.5,10654538799
1185,10661683924
1185.5,10668824871
1186,10675961630
1186.5,10683094195
1187,10690222560
1187.5,10697346718
1188,10704466656
1188.5,10711582366
1189,10718693834
1189.5,10725801041
1190,10732903979
1190.5,10740002629
1191,10747096974
1191.5,10754187010
1192,10761272728
1192.5,10768354124
1193,10775431187
1193.5,10782503911
1194,10789572286
1194.5,10796636306
1195,10803695967
1195.5,10810751248
1196,10817802133
1196.5,10824848605
1197,10831890652
1197.5,10838928270
1198,10845961450
1198.5,10852990182
1199,10860014445
1199.5,10867034226
1200,10874049510
1200.5,10881060290
1201,10888066555
1201.5,10895068296
1202,10902065508
1202.5,10909058181
1203,10916046309
1203.5,10923029876
1204,10930008873
1204.5,10936983289
1205,10943953113
1205.5,10950918342
1206,10957878962
1206.5,10964834968
1207,10971786350
1207.5,10978733104
1208,10985675211
1208.5,10992612666
1209,10999545462
1209.5,11006473586
1210,11013397020
1210.5,11020315747
1211,11027229758
1211.5,11034139046
1212,11041043598
1212.5,11047943408
1213,11054838468
1213.5,11061728769
1214,11068614305
1214.5,11075495069
1215,11082371056
1215.5,11089242257
1216,11096108661
1216.5,11102970258
1217,11109827036
1217.5,11116678989
1218,11123526103
1218.5,11130368370
1219,11137205784
1219.5,11144038336
1220,11150866015
1220.5,11157688799
1221,11164506681
1221.5,11171319653
1222,11178127710
1222.5,11184930843
1223,11191729043
1223.5,11198522303
1224,11205310617
1224.5,11212093975
1225,11218872373
1225.5,11225645804
1226,11232414260
1226.5,11239177734
1227,11245936209
1227.5,11252689682
1228,11259438145
1228.5,11266181592
1229,11272920008
1229.5,11279653386
1230,11286381707
1230.5,11293104965
1231,11299823141
1231.5,11306536214
1232,11313244174
1232.5,11319947013
1233,11326644711
1233.5,11333337260
1234,11340024653
1234.5,11346706880
1235,11353383937
1235.5,11360055815
1236,11366722503
1236.5,11373383996
1237,11380040287
1237.5,11386691363
1238,11393337212
1238.5,11399977826
1239,11406613196
1239.5,11413243319
1240,11419868186
1240.5,11426487788
1241,11433102114
1241.5,11439711156
1242,11446314904
1242.5,11452913352
1243,11459506474
1243.5,11466094266
1244,11472676715
1244.5,11479253818
1245,11485825561
1245.5,11492391936
1246,11498952932
1246.5,11505508539
1247,11512058750
1247.5,11518603559
1248,11525142960
1248.5,11531676947
1249,11538205504
1249.5,11544728620
1250,11551246282
1250.5,11557758467
1251,11564265171
1251.5,11570766385
1252,11577262099
1252.5,11583752305
1253,11590236998
1253.5,11596716162
1254,11603189790
1254.5,11609657877
1255,11616120417
1255.5,11622577397
1256,11629028812
1256.5,11635474651
1257,11641914895
1257.5,11648349536
1258,11654778568
1258.5,11661201983
1259,11667619766
1259.5,11674031912
1260,11680438405
1260.5,11686839237
1261,11693234405
1261.5,11699623894
1262,11706007697
1262.5,11712385803
1263,11718758204
1263.5,11725124894
1264,11731485856
1264.5,11737841077
1265,11744190552
1265.5,11750534272
1266,11756872212
1266.5,11763204357
1267,11769530701
1267.5,11775851236
1268,11782165951
1268.5,11788474831
1269,11794777867
1269.5,11801075055
1270,11807366389
1270.5,11813651857
1271,11819931443
1271.5,11826205128
1272,11832472907
1272.5,11838734773
1273,11844990720
1273.5,11851240739
1274,11857484822
1274.5,11863722954
1275,11869955119
1275.5,11876181312
1276,11882401520
1276.5,11888615730
1277,11894823936
1277.5,11901026128
1278,11907222294
1278.5,11913412421
1279,11919596496
1279.5,11925774513
1280,11931946464
1280.5,11938112342
1281,11944272134
1281.5,11950425832
1282,11956573426
1282.5,11962714906
1283,11968850261
1283.5,11974979478
1284,11981102554
1284.5,11987219481
1285,11993330253
1285.5,11999434855
1286,12005533283
1286.5,12011625527
1287,12017711575
1287.5,12023791417
1288,12029865038
1288.5,12035932433
1289,12041993591
1289.5,12048048503
1290,12054097160
1290.5,12060139546
1291,12066175655
1291.5,12072205481
1292,12078229015
1292.5,12084246253
1293,12090257189
1293.5,12096261819
1294,12102260125
1294.5,12108252098
1295,12114237725
1295.5,12120216999
1296,12126189915
1296.5,12132156462
1297,12138116626
1297.5,12144070385
1298,12150017729
1298.5,12155958649
1299,12161893138
1299.5,12167821188
1300,12173742780
1300.5,12179657908
1301,12185566561
1301.5,12191468733
1302,12197364406
1302.5,12203253566
1303,12209136204
1303.5,12215012315
1304,12220881884
1304.5,12226744904
1305,12232601363
1305.5,12238451252
1306,12244294562
1306.5,12250131285
1307,12255961413
1307.5,12261784940
1308,12267601853
1308.5,12273412144
1309,12279215801
1309.5,12285012812
1310,12290803169
1310.5,12296586860
1311,12302363876
1311.5,12308134209
1312,12313897851
1312.5,12319654795
1313,12325405034
1313.5,12331148562
1314,12336885369
1314.5,12342615441
1315,12348338767
1315.5,12354055337
1316,12359765145
1316.5,12365468178
1317,12371164422
1317.5,12376853868
1318,12382536502
1318.5,12388212315
1319,12393881302
1319.5,12399543450
1320,12405198752
1320.5,12410847202
1321,12416488792
1321.5,12422123510
1322,12427751347
1322.5,12433372298
1323,12438986346
1323.5,12444593484
1324,12450193707
1324.5,12455787004
1325,12461373365
1325.5,12466952782
1326,12472525251
1326.5,12478090759
1327,12483649293
1327.5,12489200846
1328,12494745413
1328.5,12500282989
1329,12505813560
1329.5,12511337116
1330,12516853650
1330.5,12522363155
1331,12527865626
1331.5,12533361055
1332,12538849432
1332.5,12544330748
1333,12549804993
1333.5,12555272158
1334,12560732229
1334.5,12566185199
1335,12571631055
1335.5,12577069792
1336,12582501397
1336.5,12587925863
1337,12593343183
1337.5,12598753351
1338,12604156361
1338.5,12609552204
1339,12614940875
1339.5,12620322351
1340,12625696615
1340.5,12631063650
1341,12636423448
1341.5,12641776000
1342,12647121298
1342.5,12652459333
1343,12657790096
1343.5,12663113575
1344,12668429764
1344.5,12673738654
1345,12679040237
1345.5,12684334505
1346,12689621449
1346.5,12694901052
1347,12700173308
1347.5,12705438210
1348,12710695741
1348.5,12715945890
1349,12721188644
1349.5,12726423996
1350,12731651938
1350.5,12736872467
1351,12742085568
1351.5,12747291237
1352,12752489456
1352.5,12757680209
1353,12762863490
1353.5,12768039290
1354,12773207599
1354.5,12778368409
1355,12783521712
1355.5,12788667501
1356,12793805769
1356.5,12798936512
1357,12804059724
1357.5,12809175390
1358,12814283504
1358.5,12819384058
1359,12824477043
1359.5,12829562450
1360,12834640270
1360.5,12839710498
1361,12844773127
1361.5,12849828145
1362,12854875547
1362.5,12859915325
1363,12864947472
1363.5,12869971980
1364,12874988843
1364.5,12879998054
1365,12884999598
1365.5,12889993452
1366,12894979611
1366.5,12899958066
1367,12904928801
1367.5,12909891811
1368,12914847090
1368.5,12919794621
1369,12924734393
1369.5,12929666393
1370,12934590613
1370.5,12939507048
1371,12944415688
1371.5,12949316517
1372,12954209525
1372.5,12959094704
1373,12963972048
1373.5,12968841550
1374,12973703204
1374.5,12978557004
1375,12983402938
1375.5,12988241001
1376,12993071187
1376.5,12997893483
1377,13002707886
1377.5,13007514389
1378,13012312981
1378.5,13017103651
1379,13021886393
1379.5,13026661200
1380,13031428066
1380.5,13036186987
1381,13040937955
1381.5,13045680963
1382,13050416005
1382.5,13055143071
1383,13059862149
1383.5,13064573234
1384,13069276308
1384.5,13073971369
1385,13078658406
1385.5,13083337413
1386,13088008384
1386.5,13092671311
1387,13097326182
1387.5,13101972990
1388,13106611731
1388.5,13111242400
1389,13115864990
1389.5,13120479490
1390,13125085888
1390.5,13129684169
1391,13134274326
1391.5,13138856353
1392,13143430242
1392.5,13147995968
1393,13152553516
1393.5,13157102876
1394,13161644029
1394.5,13166176966
1395,13170701681
1395.5,13175218164
1396,13179726407
1396.5,13184226399
1397,13188718121
1397.5,13193201554
1398,13197676687
1398.5,13202143502
1399,13206601987
1399.5,13211052134
1400,13215493935
1400.5,13219927384
1401,13224352470
1401.5,13228769188
1402,13233177533
1402.5,13237577493
1403,13241969052
1403.5,13246352195
1404,13250726915
1404.5,13255093200
1405,13259451038
1405.5,13263800418
1406,13268141326
1406.5,13272473751
1407,13276797687
1407.5,13281113119
1408,13285420040
1408.5,13289718442
1409,13294008318
1409.5,13298289648
1410,13302562423
1410.5,13306826633
1411,13311082271
1411.5,13315329327
1412,13319567794
1412.5,13323797666
1413,13328018929
1413.5,13332231575
1414,13336435595
1414.5,13340630981
1415,13344817727
1415.5,13348995819
1416,13353165240
1416.5,13357325984
1417,13361478037
1417.5,13365621393
1418,13369756037
1418.5,13373881961
1419,13377999152
1419.5,13382107604
1420,13386207308
1420.5,13390298253
1421,13394380428
1421.5,13398453823
1422,13402518428
1422.5,13406574236
1423,13410621233
1423.5,13414659413
1424,13418688761
1424.5,13422709262
1425,13426720902
1425.5,13430723671
1426,13434717562
1426.5,13438702568
1427,13442678686
1427.5,13446645905
1428,13450604220
1428.5,13454553618
1429,13458494091
1429.5,13462425626
1430,13466348217
1430.5,13470261857
1431,13474166535
1431.5,13478062228
1432,13481948925
1432.5,13485826619
1433,13489695301
1433.5,13493554963
1434,13497405591
1434.5,13501247178
1435,13505079714
1435.5,13508903193
1436,13512717598
1436.5,13516522920
1437,13520319141
1437.5,13524106254
1438,13527884253
1438.5,13531653129
1439,13535412874
1439.5,13539163480
1440,13542904933
1440.5,13546637228
1441,13550360357
1441.5,13554074314
1442,13557779082
1442.5,13561474658
1443,13565161035
1443.5,13568838206
1444,13572506161
1444.5,13576164892
1445,13579814386
1445.5,13583454623
1446,13587085597
1446.5,13590707296
1447,13594319709
1447.5,13597922820
1448,13601516623
1448.5,13605101111
1449,13608676275
1449.5,13612242104
1450,13615798590
1450.5,13619345716
1451,13622883474
1451.5,13626411860
1452,13629930866
1452.5,13633440487
1453,13636940716
1453.5,13640431535
1454,13643912939
1454.5,13647384922
1455,13650847479
1455.5,13654300604
1456,13657744283
1456.5,13661178506
1457,13664603264
1457.5,13668018554
1458,13671424365
1458.5,13674820680
1459,13678207492
1459.5,13681584793
1460,13684952575
1460.5,13688310826
1461,13691659528
1461.5,13694998671
1462,13698328247
1462.5,13701648248
1463,13704958666
1463.5,13708259488
1464,13711550700
1464.5,13714832297
1465,13718104273
1465.5,13721366621
1466,13724619335
1466.5,13727862401
1467,13731095810
1467.5,13734319557
1468,13737533631
1468.5,13740738025
1469,13743932734
1469.5,13747117748
1470,13750293061
1470.5,13753458667
1471,13756614559
1471.5,13759760734
1472,13762897183
1472.5,13766023898
1473,13769140871
1473.5,13772248092
1474,13775345554
1474.5,13778433234
1475,13781511129
1475.5,13784579227
1476,13787637510
1476.5,13790685971
1477,13793724592
1477.5,13796753366
1478,13799772287
1478.5,13802781342
1479,13805780526
1479.5,13808769825
1480,13811749234
1480.5,13814718747
1481,13817678354
1481.5,13820628050
1482,13823567829
1482.5,13826497677
1483,13829417587
1483.5,13832327544
1484,13835227533
1484.5,13838117536
1485,13840997543
1485.5,13843867544
1486,13846727528
1486.5,13849577473
1487,13852417374
1487.5,13855247221
1488,13858067003
1488.5,13860876714
1489,13863676344
1489.5,13866465877
1490,13869245307
1490.5,13872014625
1491,13874773813
1491.5,13877522856
1492,13880261740
1492.5,13882990458
1493,13885709002
1493.5,13888417362
1494,13891115528
1494.5,13893803491
1495,13896481226
1495.5,13899148730
1496,13901805977
1496.5,13904452959
1497,13907089667
1497.5,13909716092
1498,13912332223
1498.5,13914938057
1499,13917533583
1499.5,13920118795
1500,13922693680
1500.5,13925258233
1501,13927812449
1501.5,13930356318
1502,13932889834
1502.5,13935412991
1503,13937925779
1503.5,13940428191
1504,13942920223
1504.5,13945401868
1505,13947873111
1505.5,13950333939
1506,13952784342
1506.5,13955224315
1507,13957653850
1507.5,13960072941
1508,13962481583
1508.5,13964879772
1509,13967267497
1509.5,13969644753
1510,13972011517
1510.5,13974367776
1511,13976713524
1511.5,13979048754
1512,13981373461
1512.5,13983687626
1513,13985991229
1513.5,13988284265
1514,13990566724
1514.5,13992838600
1515,13995099887
1515.5,13997350576
1516,13999590660
1516.5,14001820124
1517,14004038963
1517.5,14006247159
1518,14008444690
1518.5,14010631543
1519,14012807704
1519.5,14014973154
1520,14017127883
1520.5,14019271877
1521,14021405129
1521.5,14023527633
1522,14025639382
1522.5,14027740369
1523,14029830586
1523.5,14031910009
1524,14033978626
1524.5,14036036420
1525,14038083370
1525.5,14040119468
1526,14042144692
1526.5,14044159037
1527,14046162490
1527.5,14048155045
1528,14050136685
1528.5,14052107400
1529,14054067182
1529.5,14056016015
1530,14057953890
1530.5,14059880802
1531,14061796738
1531.5,14063701694
1532,14065595651
1532.5,14067478603
1533,14069350543
1533.5,14071211464
1534,14073061349
1534.5,14074900191
1535,14076727985
1535.5,14078544726
1536,14080350407
1536.5,14082145019
1537,14083928556
1537.5,14085701006
1538,14087462362
1538.5,14089212610
1539,14090951737
1539.5,14092679732
1540,14094396589
1540.5,14096102295
1541,14097796841
1541.5,14099480217
1542,14101152414
1542.5,14102813419
1543,14104463217
1543.5,14106101800
1544,14107729159
1544.5,14109345288
1545,14110950177
1545.5,14112543824
1546,14114126220
1546.5,14115697352
1547,14117257213
1547.5,14118805791
1548,14120343072
1548.5,14121869051
1549,14123383722
1549.5,14124887078
1550,14126379114
1550.5,14127859823
1551,14129329201
1551.5,14130787239
1552,14132233931
1552.5,14133669271
1553,14135093255
1553.5,14136505877
1554,14137907127
1554.5,14139296991
1555,14140675462
1555.5,14142042533
1556,14143398196
1556.5,14144742446
1557,14146075271
1557.5,14147396664
1558,14148706612
1558.5,14150005111
1559,14151292143
1559.5,14152567701
1560,14153831779
1560.5,14155084373
1561,14156325474
1561.5,14157555075
1562,14158773161
1562.5,14159979719
1563,14161174738
1563.5,14162358213
1564,14163530133
1564.5,14164690490
1565,14165839277
1565.5,14166976482
1566,14168102099
1566.5,14169216119
1567,14170318532
1567.5,14171409329
1568,14172488501
1568.5,14173556039
1569,14174611933
1569.5,14175656168
1570,14176688722
1570.5,14177709589
1571,14178718752
1571.5,14179716203
1572,14180701933
1572.5,14181675936
1573,14182638199
1573.5,14183588712
1574,14184527469
1574.5,14185454461
1575,14186369684
1575.5,14187273127
1576,14188164776
1576.5,14189044623
1577,14189912660
1577.5,14190768882
1578,14191613279
1578.5,14192445847
1579,14193266574
1579.5,14194075455
1580,14194872474
1580.5,14195657622
1581,14196430892
1581.5,14197192280
1582,14197941776
1582.5,14198679377
1583,14199405071
1583.5,14200118850
1584,14200820704
1584.5,14201510623
1585,14202188594
1585.5,14202854610
1586,14203508655
1586.5,14204150721
1587,14204780793
1587.5,14205398858
1588,14206004895
1588.5,14206598895
1589,14207180839
1589.5,14207750721
1590,14208308536
1590.5,14208854274
1591,14209387930
1591.5,14209909489
1592,14210418944
1592.5,14210916285
1593,14211401502
1593.5,14211874589
1594,14212335538
1594.5,14212784339
1595,14213220984
1595.5,14213645465
1596,14214057776
1596.5,14214457907
1597,14214845845
1597.5,14215221577
1598,14215585095
1598.5,14215936378
1599,14216275412
1599.5,14216602190
1600,14216916704
1600.5,14217218942
1601,14217508892
1601.5,14217786541
1602,14218051867
1602.5,14218304863
1603,14218545523
1603.5,14218773837
1604,14218989790
1604.5,14219193368
1605,14219384563
1605.5,14219563367
1606,14219729776
1606.5,14219883784
1607,14220025380
1607.5,14220154557
1608,14220271307
1608.5,14220375622
1609,14220467487
1609.5,14220546898
1610,14220613848
1610.5,14220668331
1611,14220710337
1611.5,14220739853
1612,14220756863
1612.5,14220761361
1613,14220753330
1613.5,14220732763
1614,14220699640
1614.5,14220653954
1615,14220595685
1615.5,14220524828
1616,14220441370
1616.5,14220345298
1617,14220236605
1617.5,14220115285
1618,14219981331
1618.5,14219834732
1619,14219675480
1619.5,14219503570
1620,14219318988
1620.5,14219121725
1621,14218911774
1621.5,14218689126
1622,14218453767
1622.5,14218205689
1623,14217944883
1623.5,14217671339
1624,14217385047
1624.5,14217085994
1625,14216774177
1625.5,14216449575
1626,14216112181
1626.5,14215761985
1627,14215398966
1627.5,14215023119
1628,14214634428
1628.5,14214232884
1629,14213818480
1629.5,14213391206
1630,14212951052
1630.5,14212498009
1631,14212032069
1631.5,14211553223
1632,14211061466
1632.5,14210556785
1633,14210039175
1633.5,14209508615
1634,14208965099
1634.5,14208408622
1635,14207839177
1635.5,14207256761
1636,14206661362
1636.5,14206052975
1637,14205431594
1637.5,14204797198
1638,14204149782
1638.5,14203489336
1639,14202815852
1639.5,14202129315
1640,14201429715
1640.5,14200717044
1641,14199991291
1641.5,14199252446
1642,14198500504
1642.5,14197735458
1643,14196957290
1643.5,14196165996
1644,14195361566
1644.5,14194543988
1645,14193713247
1645.5,14192869334
1646,14192012245
1646.5,14191141973
1647,14190258501
1647.5,14189361817
1648,14188451908
1648.5,14187528770
1649,14186592393
1649.5,14185642768
1650,14184679879
1650.5,14183703713
1651,14182714258
1651.5,14181711507
1652,14180695453
1652.5,14179666079
1653,14178623376
1653.5,14177567337
1654,14176497957
1654.5,14175415230
1655,14174319152
1655.5,14173209704
1656,14172086868
1656.5,14170950636
1657,14169801002
1657.5,14168637954
1658,14167461488
1658.5,14166271596
1659,14165068264
1659.5,14163851483
1660,14162621229
1660.5,14161377498
1661,14160120281
1661.5,14158849573
1662,14157565368
1662.5,14156267658
1663,14154956433
1663.5,14153631679
1664,14152293377
1664.5,14150941512
1665,14149576071
1665.5,14148197041
1666,14146804414
1666.5,14145398180
1667,14143978332
1667.5,14142544864
1668,14141097763
1668.5,14139637023
1669,14138162636
1669.5,14136674583
1670,14135172856
1670.5,14133657444
1671,14132128343
1671.5,14130585541
1672,14129029031
1672.5,14127458795
1673,14125874819
1673.5,14124277089
1674,14122665596
1674.5,14121040338
1675,14119401303
1675.5,14117748487
1676,14116081883
1676.5,14114401481
1677,14112707272
1677.5,14110999248
1678,14109277403
1678.5,14107541722
1679,14105792197
1679.5,14104028821
1680,14102251581
1680.5,14100460472
1681,14098655485
1681.5,14096836612
1682,14095003834
1682.5,14093157139
1683,14091296520
1683.5,14089421969
1684,14087533481
1684.5,14085631041
1685,14083714640
1685.5,14081784272
1686,14079839932
1686.5,14077881613
1687,14075909308
1687.5,14073923008
1688,14071922707
1688.5,14069908396
1689,14067880067
1689.5,14065837715
1690,14063781335
1690.5,14061710910
1691,14059626435
1691.5,14057527902
1692,14055415296
1692.5,14053288606
1693,14051147826
1693.5,14048992939
1694,14046823931
1694.5,14044640796
1695,14042443513
1695.5,14040232069
1696,14038006452
1696.5,14035766656
1697,14033512674
1697.5,14031244494
1698,14028962110
1698.5,14026665509
1699,14024354674
1699.5,14022029600
1700,14019690279
1700.5,14017336705
1701,14014968863
1701.5,14012586746
1702,14010190340
1702.5,14007779641
1703,14005354632
1703.5,14002915294
1704,14000461610
1704.5,13997993561
1705,13995511141
1705.5,13993014342
1706,13990503155
1706.5,13987977575
1707,13985437594
1707.5,13982883206
1708,13980314395
1708.5,13977731156
1709,13975133483
1709.5,13972521369
1710,13969894801
1710.5,13967253771
1711,13964598271
1711.5,13961928287
1712,13959243813
1712.5,13956544839
1713,13953831351
1713.5,13951103339
1714,13948360796
1714.5,13945603711
1715,13942832077
1715.5,13940045876
1716,13937245102
1716.5,13934429745
1717,13931599796
1717.5,13928755245
1718,13925896085
1718.5,13923022308
1719,13920133904
1719.5,13917230855
1720,13914313153
1720.5,13911380789
1721,13908433756
1721.5,13905472041
1722,13902495632
1722.5,13899504524
1723,13896498709
1723.5,13893478181
1724,13890442921
1724.5,13887392923
1725,13884328182
1725.5,13881248688
1726,13878154435
1726.5,13875045413
1727,13871921616
1727.5,13868783021
1728,13865629617
1728.5,13862461392
1729,13859278341
1729.5,13856080458
1730,13852867735
1730.5,13849640165
1731,13846397737
1731.5,13843140444
1732,13839868279
1732.5,13836581231
1733,13833279297
1733.5,13829962459
1734,13826630697
1734.5,13823284002
1735,13819922368
1735.5,13816545784
1736,13813154243
1736.5,13809747740
1737,13806326264
1737.5,13802889807
1738,13799438364
1738.5,13795971919
1739,13792490465
1739.5,13788993995
1740,13785482497
1740.5,13781955960
1741,13778414371
1741.5,13774857723
1742,13771285998
1742.5,13767699180
1743,13764097262
1743.5,13760480235
1744,13756848083
1744.5,13753200799
1745,13749538374
1745.5,13745860800
1746,13742168074
1746.5,13738460182
1747,13734737114
1747.5,13730998862
1748,13727245409
1748.5,13723476746
1749,13719692859
1749.5,13715893741
1750,13712079386
1750.5,13708249782
1751,13704404923
1751.5,13700544795
1752,13696669391
1752.5,13692778694
1753,13688872689
1753.5,13684951366
1754,13681014719
1754.5,13677062743
1755,13673095433
1755.5,13669112778
1756,13665114763
1756.5,13661101382
1757,13657072630
1757.5,13653028499
1758,13648968970
1758.5,13644894033
1759,13640803679
1759.5,13636697903
1760,13632576698
1760.5,13628440052
1761,13624287961
1761.5,13620120419
1762,13615937417
1762.5,13611738944
1763,13607524990
1763.5,13603295545
1764,13599050587
1764.5,13594790109
1765,13590514104
1765.5,13586222555
1766,13581915454
1766.5,13577592783
1767,13573254536
1767.5,13568900700
1768,13564531268
1768.5,13560146233
1769,13555745583
1769.5,13551329316
1770,13546897413
1770.5,13542449870
1771,13537986675
1771.5,13533507814
1772,13529013270
1772.5,13524503040
1773,13519977117
1773.5,13515435497
1774,13510878174
1774.5,13506305138
1775,13501716380
1775.5,13497111896
1776,13492491677
1776.5,13487855714
1777,13483203999
1777.5,13478536519
1778,13473853269
1778.5,13469154231
1779,13464439399
1779.5,13459708763
1780,13454962318
1780.5,13450200055
1781,13445421959
1781.5,13440628024
1782,13435818244
1782.5,13430992612
1783,13426151123
1783.5,13421293770
1784,13416420548
1784.5,13411531450
1785,13406626469
1785.5,13401705599
1786,13396768835
1786.5,13391816171
1787,13386847600
1787.5,13381863115
1788,13376862709
1788.5,13371846366
1789,13366814076
1789.5,13361765827
1790,13356701613
1790.5,13351621417
1791,13346525228
1791.5,13341413040
1792,13336284838
1792.5,13331140613
1793,13325980349
1793.5,13320804035
1794,13315611652
1794.5,13310403191
1795,13305178644
1795.5,13299938004
1796,13294681265
1796.5,13289408423
1797,13284119471
1797.5,13278814405
1798,13273493212
1798.5,13268155884
1799,13262802405
1799.5,13257432763
1800,13252046947
1800.5,13246644948
1801,13241226759
1801.5,13235792369
1802,13230341766
1802.5,13224874937
1803,13219391874
1803.5,13213892565
1804,13208377005
1804.5,13202845188
1805,13197297109
1805.5,13191732763
1806,13186152144
1806.5,13180555242
1807,13174942040
1807.5,13169312534
1808,13163666717
1808.5,13158004582
1809,13152326119
1809.5,13146631324
1810,13140920186
1810.5,13135192700
1811,13129448860
1811.5,13123688661
1812,13117912098
1812.5,13112119153
1813,13106309821
1813.5,13100484096
1814,13094641970
1814.5,13088783432
1815,13082908472
1815.5,13077017083
1816,13071109261
1816.5,13065184989
1817,13059244257
1817.5,13053287058
1818,13047313386
1818.5,13041323236
1819,13035316603
1819.5,13029293478
1820,13023253856
1820.5,13017197731
1821,13011125094
1821.5,13005035923
1822,12998930208
1822.5,12992807943
1823,12986669120
1823.5,12980513728
1824,12974341759
1824.5,12968153199
1825,12961948040
1825.5,12955726276
1826,12949487894
1826.5,12943232890
1827,12936961245
1827.5,12930672950
1828,12924368000
1828.5,12918046384
1829,12911708098
1829.5,12905353127
1830,12898981463
1830.5,12892593098
1831,12886188025
1831.5,12879766236
1832,12873327716
1832.5,12866872457
1833,12860400454
1833.5,12853911701
1834,12847406192
1834.5,12840883912
1835,12834344852
1835.5,12827789002
1836,12821216345
1836.5,12814626869
1837,12808020566
1837.5,12801397415
1838,12794757404
1838.5,12788100522
1839,12781426761
1839.5,12774736113
1840,12768028567
1840.5,12761304116
1841,12754562752
1841.5,12747804463
1842,12741029245
1842.5,12734237083
1843,12727427970
1843.5,12720601888
1844,12713758828
1844.5,12706898778
1845,12700021731
1845.5,12693127673
1846,12686216600
1846.5,12679288502
1847,12672343367
1847.5,12665381185
1848,12658401949
1848.5,12651405654
1849,12644392287
1849.5,12637361838
1850,12630314298
1850.5,12623249662
1851,12616167913
1851.5,12609069032
1852,12601953007
1852.5,12594819831
1853,12587669494
1853.5,12580501983
1854,12573317294
1854.5,12566115411
1855,12558896330
1855.5,12551660034
1856,12544406505
1856.5,12537135736
1857,12529847720
1857.5,12522542451
1858,12515219924
1858.5,12507880129
1859,12500523049
1859.5,12493148671
1860,12485756989
1860.5,12478347983
1861,12470921646
1861.5,12463477965
1862,12456016933
1862.5,12448538538
1863,12441042774
1863.5,12433529629
1864,12425999084
1864.5,12418451120
1865,12410885725
1865.5,12403302888
1866,12395702605
1866.5,12388084862
1867,12380449647
1867.5,12372796946
1868,12365126755
1868.5,12357439064
1869,12349733864
1869.5,12342011147
1870,12334270909
1870.5,12326513140
1871,12318737826
1871.5,12310944960
1872,12303134525
1872.5,12295306509
1873,12287460902
1873.5,12279597691
1874,12271716871
1874.5,12263818431
1875,12255902363
1875.5,12247968649
1876,12240017272
1876.5,12232048222
1877,12224061481
1877.5,12216057036
1878,12208034867
1878.5,12199994965
1879,12191937322
1879.5,12183861927
1880,12175768775
1880.5,12167657857
1881,12159529166
1881.5,12151382692
1882,12143218429
1882.5,12135036358
1883,12126836466
1883.5,12118618749
1884,12110383200
1884.5,12102129812
1885,12093858580
1885.5,12085569493
1886,12077262541
1886.5,12068937710
1887,12060594993
1887.5,12052234386
1888,12043855883
1888.5,12035459468
1889,12027045135
1889.5,12018612858
1890,12010162634
1890.5,12001694446
1891,11993208289
1891.5,11984704150
1892,11976182022
1892.5,11967641894
1893,11959083754
1893.5,11950507595
1894,11941913406
1894.5,11933301174
1895,11924670893
1895.5,11916022560
1896,11907356160
1896.5,11898671677
1897,11889969093
1897.5,11881248401
1898,11872509580
1898.5,11863752619
1899,11854977511
1899.5,11846184233
1900,11837372779
1900.5,11828543131
1901,11819695284
1901.5,11810829232
1902,11801944964
1902.5,11793042473
1903,11784121750
1903.5,11775182786
1904,11766225575
1904.5,11757250097
1905,11748256340
1905.5,11739244294
1906,11730213950
1906.5,11721165302
1907,11712098342
1907.5,11703013061
1908,11693909451
1908.5,11684787505
1909,11675647217
1909.5,11666488581
1910,11657311583
1910.5,11648116208
1911,11638902449
1911.5,11629670292
1912,11620419715
1912.5,11611150713
1913,11601863268
1913.5,11592557375
1914,11583233023
1914.5,11573890204
1915,11564528901
1915.5,11555149103
1916,11545750799
1916.5,11536333975
1917,11526898614
1917.5,11517444705
1918,11507972239
1918.5,11498481208
1919,11488971606
1919.5,11479443427
1920,11469896662
1920.5,11460331299
1921,11450747333
1921.5,11441144756
1922,11431523561
1922.5,11421883742
1923,11412225295
1923.5,11402548214
1924,11392852491
1924.5,11383138120
1925,11373405077
1925.5,11363653354
1926,11353882937
1926.5,11344093818
1927,11334285982
1927.5,11324459420
1928,11314614123
1928.5,11304750087
1929,11294867298
1929.5,11284965746
1930,11275045429
1930.5,11265106340
1931,11255148474
1931.5,11245171827
1932,11235176390
1932.5,11225162159
1933,11215129127
1933.5,11205077289
1934,11195006638
1934.5,11184917166
1935,11174808859
1935.5,11164681708
1936,11154535705
1936.5,11144370845
1937,11134187113
1937.5,11123984504
1938,11113763002
1938.5,11103522600
1939,11093263290
1939.5,11082985064
1940,11072687916
1940.5,11062371835
1941,11052036816
1941.5,11041682852
1942,11031309932
1942.5,11020918052
1943,11010507202
1943.5,11000077377
1944,10989628559
1944.5,10979160741
1945,10968673918
1945.5,10958168082
1946,10947643224
1946.5,10937099338
1947,10926536413
1947.5,10915954439
1948,10905353409
1948.5,10894733316
1949,10884094153
1949.5,10873435916
1950,10862758599
1950.5,10852062193
1951,10841346690
1951.5,10830612084
1952,10819858355
1952.5,10809085493
1953,10798293479
1953.5,10787482294
1954,10776651933
1954.5,10765802385
1955,10754933644
1955.5,10744045695
1956,10733138534
1956.5,10722212142
1957,10711266504
1957.5,10700301603
1958,10689317424
1958.5,10678313947
1959,10667291166
1959.5,10656249074
1960,10645187665
1960.5,10634106933
1961,10623006873
1961.5,10611887471
1962,10600748721
1962.5,10589590617
1963,10578413139
1963.5,10567216283
1964,10556000038
1964.5,10544764399
1965,10533509355
1965.5,10522234901
1966,10510941028
1966.5,10499627730
1967,10488294993
1967.5,10476942808
1968,10465571167
1968.5,10454180063
1969,10442769486
1969.5,10431339424
1970,10419889871
1970.5,10408420823
1971,10396932270
1971.5,10385424200
1972,10373896601
1972.5,10362349461
1973,10350782774
1973.5,10339196532
1974,10327590731
1974.5,10315965365
1975,10304320429
1975.5,10292655911
1976,10280971803
1976.5,10269268096
1977,10257544778
1977.5,10245801830
1978,10234039236
1978.5,10222256992
1979,10210455085
1979.5,10198633502
1980,10186792238
1980.5,10174931283
1981,10163050630
1981.5,10151150272
1982,10139230206
1982.5,10127290411
1983,10115330881
1983.5,10103351611
1984,10091352593
1984.5,10079333820
1985,10067295266
1985.5,10055236928
1986,10043158797
1986.5,10031060861
1987,10018943101
1987.5,10006805511
1988,9994648081
1988.5,9982470801
1989,9970273662
1989.5,9958056656
1990,9945819778
1990.5,9933563022
1991,9921286381
1991.5,9908989848
1992,9896673419
1992.5,9884337082
1993,9871980826
1993.5,9859604642
1994,9847208510
1994.5,9834792428
1995,9822356371
1995.5,9809900335
1996,9797424313
1996.5,9784928292
1997,9772412259
1997.5,9759876208
1998,9747320134
1998.5,9734744025
1999,9722147866
1999.5,9709531649
2000,9696895361
2000.5,9684238996
2001,9671562545
2001.5,9658866003
2002,9646149347
2002.5,9633412568
2003,9620655658
2003.5,9607878608
2004,9595081407
2004.5,9582264047
2005,9569426521
2005.5,9556568817
2006,9543690930
2006.5,9530792847
2007,9517874555
2007.5,9504936046
2008,9491977309
2008.5,9478998324
2009,9465999080
2009.5,9452979567
2010,9439939780
2010.5,9426879709
2011,9413799339
2011.5,9400698659
2012,9387577663
2012.5,9374436340
2013,9361274685
2013.5,9348092680
2014,9334890312
2014.5,9321667573
2015,9308424457
2015.5,9295160957
2016,9281877063
2016.5,9268572769
2017,9255248067
2017.5,9241902951
2018,9228537416
2018.5,9215151454
2019,9201745057
2019.5,9188318217
2020,9174870929
2020.5,9161403173
2021,9147914942
2021.5,9134406233
2022,9120877026
2022.5,9107327317
2023,9093757099
2023.5,9080166368
2024,9066555114
2024.5,9052923332
2025,9039271009
2025.5,9025598139
2026,9011904714
2026.5,8998190724
2027,8984456154
2027.5,8970700993
2028,8956925227
2028.5,8943128845
2029,8929311831
2029.5,8915474165
2030,8901615841
2030.5,8887736851
2031,8873837187
2031.5,8859916842
2032,8845975808
2032.5,8832014079
2033,8818031646
2033.5,8804028501
2034,8790004640
2034.5,8775960055
2035,8761894741
2035.5,8747808689
2036,8733701894
2036.5,8719574348
2037,8705426046
2037.5,8691256982
2038,8677067135
2038.5,8662856493
2039,8648625047
2039.5,8634372786
2040,8620099699
2040.5,8605805772
2041,8591490993
2041.5,8577155356
2042,8562798849
2042.5,8548421455
2043,8534023168
2043.5,8519603978
2044,8505163881
2044.5,8490702866
2045,8476220917
2045.5,8461718030
2046,8447194193
2046.5,8432649397
2047,8418083632
2047.5,8403496879
2048,8388889122
2048.5,8374260355
2049,8359610566
2049.5,8344939745
2050,8330247883
2050.5,8315534966
2051,8300800984
2051.5,8286045934
2052,8271269800
2052.5,8256472579
2053,8241654260
2053.5,8226814827
2054,8211954269
2054.5,8197072581
2055,8182169744
2055.5,8167245754
2056,8152300599
2056.5,8137334260
2057,8122346730
2057.5,8107337991
2058,8092308036
2058.5,8077256858
2059,8062184450
2059.5,8047090797
2060,8031975885
2060.5,8016839706
2061,8001682244
2061.5,7986503493
2062,7971303444
2062.5,7956082083
2063,7940839404
2063.5,7925575399
2064,7910290063
2064.5,7894983389
2065,7879655368
2065.5,7864305994
2066,7848935261
2066.5,7833543163
2067,7818129697
2067.5,7802694854
2068,7787238623
2068.5,7771760999
2069,7756261974
2069.5,7740741542
2070,7725199685
2070.5,7709636383
2071,7694051626
2071.5,7678445407
2072,7662817702
2072.5,7647168493
2073,7631497766
2073.5,7615805515
2074,7600091730
2074.5,7584356389
2075,7568599480
2075.5,7552820995
2076,7537020925
2076.5,7521199259
2077,7505355987
2077.5,7489491101
2078,7473604593
2078.5,7457696456
2079,7441766684
2079.5,7425815254
2080,7409842151
2080.5,7393847368
2081,7377830901
2081.5,7361792743
2082,7345732880
2082.5,7329651308
2083,7313548019
2083.5,7297423006
2084,7281276264
2084.5,7265107788
2085,7248917558
2085.5,7232705565
2086,7216471800
2086.5,7200216251
2087,7183938914
2087.5,7167639778
2088,7151318839
2088.5,7134976074
2089,7118611468
2089.5,7102225014
2090,7085816701
2090.5,7069386516
2091,7052934455
2091.5,7036460510
2092,7019964676
2092.5,7003446945
2093,6986907312
2093.5,6970345762
2094,6953762290
2094.5,6937156888
2095,6920529552
2095.5,6903880268
2096,6887209029
2096.5,6870515826
2097,6853800651
2097.5,6837063494
2098,6820304352
2098.5,6803523214
2099,6786720061
2099.5,6769894887
2100,6753047670
2100.5,6736178401
2101,6719287062
2101.5,6702373635
2102,6685438105
2102.5,6668480462
2103,6651500700
2103.5,6634498813
2104,6617474796
2104.5,6600428640
2105,6583360337
2105.5,6566269880
2106,6549157260
2106.5,6532022471
2107,6514865500
2107.5,6497686341
2108,6480484986
2108.5,6463261417
2109,6446015627
2109.5,6428747602
2110,6411457338
2110.5,6394144825
2111,6376810047
2111.5,6359452998
2112,6342073665
2112.5,6324672033
2113,6307248095
2113.5,6289801839
2114,6272333261
2114.5,6254842354
2115,6237329113
2115.5,6219793528
2116,6202235593
2116.5,6184655292
2117,6167052607
2117.5,6149427527
2118,6131780040
2118.5,6114110139
2119,6096417811
2119.5,6078703040
2120,6060965820
2120.5,6043206146
2121,6025424012
2121.5,6007619410
2122,5989792325
2122.5,5971942752
2123,5954070673
2123.5,5936176081
2124,5918258960
2124.5,5900319303
2125,5882357101
2125.5,5864372345
2126,5846365029
2126.5,5828335133
2127,5810282642
2127.5,5792207548
2128,5774109840
2128.5,5755989504
2129,5737846525
2129.5,5719680892
2130,5701492600
2130.5,5683281631
2131,5665047978
2131.5,5646791622
2132,5628512539
2132.5,5610210720
2133,5591886158
2133.5,5573538840
2134,5555168761
2134.5,5536775917
2135,5518360296
2135.5,5499921895
2136,5481460697
2136.5,5462976694
2137,5444469874
2137.5,5425940227
2138,5407387745
2138.5,5388812420
2139,5370214233
2139.5,5351593171
2140,5332949221
2140.5,5314282366
2141,5295592586
2141.5,5276879876
2142,5258144228
2142.5,5239385635
2143,5220604087
2143.5,5201799580
2144,5182972106
2144.5,5164121657
2145,5145248221
2145.5,5126351785
2146,5107432337
2146.5,5088489856
2147,5069524337
2147.5,5050535773
2148,5031524158
2148.5,5012489486
2149,4993431738
2149.5,4974350906
2150,4955246977
2150.5,4936119940
2151,4916969781
2151.5,4897796482
2152,4878600029
2152.5,4859380413
2153,4840137625
2153.5,4820871653
2154,4801582490
2154.5,4782270128
2155,4762934553
2155.5,4743575753
2156,4724193721
2156.5,4704788451
2157,4685359936
2157.5,4665908170
2158,4646433142
2158.5,4626934847
2159,4607413273
2159.5,4587868412
2160,4568300259
2160.5,4548708792
2161,4529093993
2161.5,4509455855
2162,4489794367
2162.5,4470109522
2163,4450401316
2163.5,4430669739
2164,4410914783
2164.5,4391136434
2165,4371334681
2165.5,4351509518
2166,4331660930
2166.5,4311788913
2167,4291893456
2167.5,4271974541
2168,4252032161
2168.5,4232066311
2169,4212076976
2169.5,4192064150
2170,4172027822
2170.5,4151967977
2171,4131884612
2171.5,4111777711
2172,4091647266
2172.5,4071493270
2173,4051315717
2173.5,4031114597
2174,4010889896
2174.5,3990641600
2175,3970369699
2175.5,3950074186
2176,3929755051
2176.5,3909412281
2177,3889045868
2177.5,3868655799
2178,3848242070
2178.5,3827804658
2179,3807343556
2179.5,3786858756
2180,3766350249
2180.5,3745818024
2181,3725262066
2181.5,3704682366
2182,3684078916
2182.5,3663451704
2183,3642800718
2183.5,3622125947
2184,3601427382
2184.5,3580705015
2185,3559958830
2185.5,3539188819
2186,3518394977
2186.5,3497577287
2187,3476735732
2187.5,3455870306
2188,3434980998
2188.5,3414067795
2189,3393130688
2189.5,3372169668
2190,3351184730
2190.5,3330175868
2191,3309143071
2191.5,3288086326
2192,3267005626
2192.5,3245900964
2193,3224772333
2193.5,3203619719
2194,3182443113
2194.5,3161242500
2195,3140017876
2195.5,3118769234
2196,3097496565
2196.5,3076199861
2197,3054879116
2197.5,3033534325
2198,3012165478
2198.5,2990772568
2199,2969355583
2199.5,2947914512
2200,2926449347
2200.5,2904960081
2201,2883446706
2201.5,2861909215
2202,2840347597
2202.5,2818761837
2203,2797151931
2203.5,2775517871
2204,2753859651
2204.5,2732177263
2205,2710470699
2205.5,2688739954
2206,2666985007
2206.5,2645205841
2207,2623402448
2207.5,2601574821
2208,2579722947
2208.5,2557846822
2209,2535946434
2209.5,2514021777
2210,2492072841
2210.5,2470099618
2211,2448102100
2211.5,2426080280
2212,2404034151
2212.5,2381963708
2213,2359868935
2213.5,2337749828
2214,2315606378
2214.5,2293438577
2215,2271246415
2215.5,2249029882
2216,2226788973
2216.5,2204523678
2217,2182233982
2217.5,2159919875
2218,2137581343
2218.5,2115218379
2219,2092830978
2219.5,2070419133
2220,2047982826
2220.5,2025522052
2221,2003036799
2221.5,1980527060
2222,1957992824
2222.5,1935434083
2223,1912850821
2223.5,1890243033
2224,1867610710
2224.5,1844953844
2225,1822272431
2225.5,1799566464
2226,1776835932
2226.5,1754080829
2227,1731301149
2227.5,1708496885
2228,1685668032
2228.5,1662814569
2229,1639936489
2229.5,1617033777
2230,1594106419
2230.5,1571154411
2231,1548177737
2231.5,1525176390
2232,1502150360
2232.5,1479099642
2233,1456024228
2233.5,1432924110
2234,1409799271
2234.5,1386649705
2235,1363475396
2235.5,1340276337
2236,1317052520
2236.5,1293803941
2237,1270530591
2237.5,1247232460
2238,1223909539
2238.5,1200561823
2239,1177189308
2239.5,1153791989
2240,1130369850
2240.5,1106922886
2241,1083451086
2241.5,1059954433
2242,1036432919
2242.5,1012886539
2243,989315286.4
2243.5,965719155
2244,942098139
2244.5,918452230.6
2245,894781422.9
2245.5,871085707.1
2246,847365077.3
2246.5,823619526
2247,799849047.3
2247.5,776053622.3
2248,752233243.4
2248.5,728387904.5
2249,704517584.7
2249.5,680622273.9
2250,656701966.8
2250.5,632756657
2251,608786332.3
2251.5,584790972.8
2252,560770567.2
2252.5,536725109.3
2253,512654591.5
2253.5,488559005.2
2254,464438343.6
2254.5,440292598
2255,416121763.1
2255.5,391925817.1
2256,367704754.4
2256.5,343458563.6
2257,319187231.3
2257.5,294890751.6
2258,270569117.1
2258.5,246222322.5
2259,221850361
2259.5,197453223.2
2260,173030901.9
2260.5,148583385.6
2261,124110666.2
2261.5,99612729.44
2262,75089570.3
2262.5,50541175.91
2263,25967526.36
2263.5,1368611.908
